 {
   "context": "server",
   "identifier": "com-pa-you-ServersideArty",
   "scenes": {
		"shared_build": [
			"coui://ui/mods/com.pa.serverside/shared_build.js"
		],
				"icon_atlas": [
			"coui://ui/mods/com.pa.serverside/icon_atlas.js"
		]
	},
   "display_name": "LongRangeArtilleryServerside",
   "description": "All Planet Sourounding Arty",
   "author": "ADFX-10F",
   "version": "1.0",
   "build": "105067",
   "date": "2017-11-13",
   "signature": "",
   "forum": "",
   "priority": 100,
   "icon": "https://i.imgur.com/ercjeSF.png",
   "category": ["balance"]

 }