 {
   "context": "server",
   "identifier": "com-pa-you-ServersideArty",
       "dependencies": [
      "com.wondible.pa.hodgepodge"
    ],
   "scenes": {
		"shared_build": [
			"coui://ui/mods/com.pa.serverside/shared_build.js"
		],
				"icon_atlas": [
			"coui://ui/mods/com.pa.serverside/icon_atlas.js"
		]
	},
   "display_name": "LongRangeArtilleryServerside",
   "description": "All Planet Sourounding Arty",
   "author": "ADFX-10F",
   "version": "1.0",
   "build": "105067",
   "date": "2017-11-13",
   "signature": "",
   "forum": "https://forums.planetaryannihilation.com/threads/long-range-magnetic-holkins-artillery-0-1-rel.73475/",
   "priority": 100,
   "icon": "https://i.imgur.com/ercjeSF.png",
   "category": ["balance"]

 }